{"cameraMode":{"drawMode":0,"name":"Shaded","section":"Shading Mode"},"sceneLighting":false,"audioPlay":false,"sceneViewState":{"showFog":true,"showMaterialUpdate":false,"showSkybox":true,"showFlares":true,"showImageEffects":true,"showParticleSystems":true},"in2DMode":false,"pivot":{"x":-0.022516697645187379,"y":-0.003999993205070496,"z":0.013000011444091797},"rotation":{"x":0.5174916386604309,"y":0.17957369983196259,"z":-0.11208418756723404,"w":0.8290919065475464},"size":6.015222072601318,"orthographic":false}